{
  "features": [
    "zori_lag_1m",
    "zori_lag_3m",
    "zori_lag_6m",
    "zori_lag_12m",
    "zori_lag_24m",
    "zori_lag_36m",
    "zori_roll_mean_6m",
    "zori_roll_mean_12m",
    "zori_roll_std_6m",
    "zori_mom_pct",
    "zori_yoy_pct",
    "zori_2y_pct",
    "fmr_0br",
    "fmr_1br",
    "fmr_2br",
    "fmr_3br",
    "fmr_4br",
    "fmr_0br_lag1y",
    "fmr_1br_lag1y",
    "fmr_2br_lag1y",
    "fmr_3br_lag1y",
    "fmr_4br_lag1y",
    "fmr_0br_yoy_pct",
    "fmr_1br_yoy_pct",
    "fmr_2br_yoy_pct",
    "fmr_3br_yoy_pct",
    "fmr_4br_yoy_pct",
    "ratio_0br_to_2br",
    "ratio_1br_to_2br",
    "ratio_3br_to_2br",
    "ratio_4br_to_2br",
    "month",
    "quarter",
    "year",
    "month_sin",
    "month_cos",
    "State_encoded",
    "Metro_encoded"
  ],
  "cat_features": [
    "State",
    "Metro"
  ],
  "encoding_maps": {
    "State": {
      "AK": 5.751524368168893,
      "AL": 6.007590730109436,
      "AR": 6.483964992564379,
      "AZ": 6.396198328367999,
      "CA": 4.457390290510856,
      "CO": 3.9145600224389137,
      "CT": 6.634290449052902,
      "DC": 2.915625624253114,
      "DE": 7.025543949168265,
      "FL": 6.448281223262429,
      "GA": 5.939607256071245,
      "HI": 4.749347639768902,
      "IA": 3.2161873516059143,
      "ID": 5.506319834473797,
      "IL": 5.2346975508452065,
      "IN": 6.463471409283355,
      "KS": 5.8607316821104085,
      "KY": 6.27558352264827,
      "LA": 4.150012538993944,
      "MA": 4.560815072169758,
      "MD": 4.266581267075798,
      "ME": 5.675335166547539,
      "MI": 5.570728910713846,
      "MN": 3.1580338169297355,
      "MO": 5.875963063070463,
      "MS": 5.911541279983529,
      "MT": 2.1930749005152292,
      "NC": 5.466755673958658,
      "ND": 7.501272274208405,
      "NE": 4.881148584915763,
      "NH": 3.999333148602431,
      "NJ": 5.022406341430227,
      "NM": 6.800199992496225,
      "NV": 5.8229242672125086,
      "NY": 4.939799333176061,
      "OH": 5.675509260203827,
      "OK": 5.169763446828906,
      "OR": 3.836409404045214,
      "PA": 4.447424854643988,
      "RI": 7.790340722693783,
      "SC": 6.423219551799557,
      "SD": 3.4541380187486657,
      "TN": 5.0997947675133934,
      "TX": 3.783995170770012,
      "UT": 3.8772164899988963,
      "VA": 5.229100472956739,
      "VT": 5.6468083532109485,
      "WA": 4.320118306581406,
      "WI": 4.594368706195446,
      "WV": 4.889812921437254,
      "WY": 5.045016154391031
    },
    "Metro": {
      "Abilene, TX": 7.989778273411284,
      "Akron, OH": 7.801657246255779,
      "Albany-Schenectady-Troy, NY": 5.884014033863345,
      "Albuquerque, NM": 7.108037703143666,
      "Allentown-Bethlehem-Easton, PA-NJ": 3.801244340095473,
      "Amarillo, TX": 6.016795509394126,
      "Ames, IA": 3.733101146586715,
      "Anchorage, AK": 5.751524368168893,
      "Ann Arbor, MI": 4.90078820207708,
      "Asheville, NC": 5.480417368524482,
      "Athens-Clarke County, GA": 7.972161342495225,
      "Atlanta-Sandy Springs-Alpharetta, GA": 5.784076822302868,
      "Auburn-Opelika, AL": 7.364340172122663,
      "Augusta-Richmond County, GA-SC": 6.582573183512784,
      "Austin-Round Rock-Georgetown, TX": 3.031550376897224,
      "Bakersfield, CA": 6.321395721266197,
      "Baltimore-Columbia-Towson, MD": 4.488409848513082,
      "Bangor, ME": 4.7780476306407795,
      "Baton Rouge, LA": 3.9728194976672686,
      "Bellingham, WA": 2.8341726364830873,
      "Bend, OR": 5.001251935225445,
      "Billings, MT": 3.2233773800875967,
      "Birmingham-Hoover, AL": 5.100931424621133,
      "Bloomington, IL": 9.54860368044156,
      "Bloomington, IN": 5.564147100810701,
      "Boise City, ID": 5.951163309185784,
      "Boston-Cambridge-Newton, MA-NH": 4.556146461047195,
      "Boulder, CO": 4.744336755862238,
      "Bozeman, MT": 0.8800019069914682,
      "Bremerton-Silverdale-Port Orchard, WA": 4.326042615833805,
      "Bridgeport-Stamford-Norwalk, CT": 6.204974927498455,
      "Buffalo-Cheektowaga, NY": 4.962459332192377,
      "Burlington-South Burlington, VT": 5.6468083532109485,
      "California-Lexington Park, MD": 4.899109159363107,
      "Cape Coral-Fort Myers, FL": 6.644794749043159,
      "Casper, WY": 3.8598214735116616,
      "Cedar Rapids, IA": 5.5460227518094785,
      "Champaign-Urbana, IL": 6.7349886413282505,
      "Charleston-North Charleston, SC": 7.011920668994852,
      "Charlotte-Concord-Gastonia, NC-SC": 5.27019988918275,
      "Charlottesville, VA": 6.149190773061096,
      "Chattanooga, TN-GA": 6.118663006208953,
      "Cheyenne, WY": 5.64529745300842,
      "Chicago-Naperville-Elgin, IL-IN-WI": 5.11338052200566,
      "Chico, CA": 3.459417986035596,
      "Cincinnati, OH-KY-IN": 5.915643383005653,
      "Clarksville, TN-KY": 5.720115483386654,
      "Cleveland-Elyria, OH": 6.601675392445222,
      "Coeur d'Alene, ID": 2.515410728497313,
      "College Station-Bryan, TX": 5.388108277067,
      "Colorado Springs, CO": 4.386166007965932,
      "Columbia, MO": 7.274539162080409,
      "Columbia, SC": 6.650607858428868,
      "Columbus, GA-AL": 6.703504693898851,
      "Columbus, IN": 7.115196343008828,
      "Columbus, OH": 4.855423279647768,
      "Corpus Christi, TX": 3.5159690794440004,
      "Corvallis, OR": 6.9298659613326015,
      "Crestview-Fort Walton Beach-Destin, FL": 6.117900232311331,
      "Dallas-Fort Worth-Arlington, TX": 4.226266606399567,
      "Daphne-Fairhope-Foley, AL": 5.819839586662826,
      "Davenport-Moline-Rock Island, IA-IL": 0.15728134905611796,
      "Dayton-Kettering, OH": 5.965709327265099,
      "Deltona-Daytona Beach-Ormond Beach, FL": 6.2125640307386085,
      "Denver-Aurora-Lakewood, CO": 3.62185256290455,
      "Des Moines-West Des Moines, IA": 2.331523752666781,
      "Detroit-Warren-Dearborn, MI": 5.23983057179704,
      "Durango, CO": 4.058897807680953,
      "Durham-Chapel Hill, NC": 5.149845760406117,
      "El Paso, TX": 5.152465022052456,
      "Enterprise, AL": 6.7474574626875015,
      "Eugene-Springfield, OR": 5.763976723281059,
      "Evansville, IN-KY": 7.456953883128709,
      "Fayetteville, NC": 8.267345005985684,
      "Fayetteville-Springdale-Rogers, AR": 6.944282777054339,
      "Fernley, NV": 4.268637525583904,
      "Fort Collins, CO": 5.021777637952533,
      "Fort Wayne, IN": 7.340184578876466,
      "Frankfort, KY": 7.099630711046388,
      "Fresno, CA": 5.736490430910964,
      "Gainesville, FL": 6.054247890860038,
      "Gainesville, GA": 4.072706505763647,
      "Grand Forks, ND-MN": 6.969895304860217,
      "Grand Junction, CO": 5.792808858964867,
      "Grand Rapids-Kentwood, MI": 6.649582228573726,
      "Greeley, CO": 2.5504257247734934,
      "Greensboro-High Point, NC": 6.36078754424646,
      "Greenville, NC": 7.26498014516455,
      "Greenville-Anderson, SC": 5.348292500827409,
      "Hagerstown-Martinsburg, MD-WV": 7.793988805094744,
      "Harrisburg-Carlisle, PA": 5.625187300163809,
      "Harrisonburg, VA": 5.043590144347078,
      "Hartford-East Hartford-Middletown, CT": 7.042581528389289,
      "Hilton Head Island-Bluffton, SC": 6.823943315455637,
      "Hinesville, GA": 7.766439125989466,
      "Holland, MI": 9.39540818164294,
      "Houston-The Woodlands-Sugar Land, TX": 3.400106039759871,
      "Huntsville, AL": 7.499002307335974,
      "Idaho Falls, ID": 2.2498110864706153,
      "Indianapolis-Carmel-Anderson, IN": 6.41707058853572,
      "Iowa City, IA": 5.132317034694068,
      "Jackson, MS": 7.995588939976595,
      "Jacksonville, FL": 5.634146690747551,
      "Jacksonville, NC": 7.852062549605033,
      "Kalamazoo-Portage, MI": 3.7816466840198806,
      "Kansas City, MO-KS": 5.893336166304128,
      "Kennewick-Richland, WA": 5.23289747095437,
      "Killeen-Temple, TX": 5.308790744923918,
      "Knoxville, TN": 5.17278559627938,
      "Lafayette, LA": 4.140874821216459,
      "Lafayette-West Lafayette, IN": 7.219655631346816,
      "Lake Charles, LA": 5.2156886402911615,
      "Lakeland-Winter Haven, FL": 6.331521352778091,